"SWSN_ID","SWSN_Site","CSN_macro_group","GH_Count","GK_Count","Dshp_Count","Biwall_Count","Triwall_Count","EASTING","NORTHING","long","lat"
665,"Aragon","Mogollon Highlands",0,1,0,0,0,726518,3751658,-108.55,33.88
708,"Aztec","Middle San Juan",3,3,0,2,3,767672,4080788,-107.99,36.83
720,"Pueblo Pintado","Central San Juan Basin",1,1,0,0,0,799927,3986515,-107.67,35.97
727,"Morris 39","Middle San Juan",2,5,0,0,0,747943,4082548,-108.21,36.85
728,"Holmes Group","Middle San Juan",2,4,0,1,1,751443,4090298,-108.17,36.92
730,"Flora Vista","Middle San Juan",0,1,0,0,0,759969,4075422,-108.08,36.79
733,"Jaquez","Middle San Juan",1,2,0,0,0,757570,4064586,-108.11,36.69
734,"Fort Wingate","Rio Puerco of the West",1,1,0,0,0,732688,3932280,-108.43,35.50
735,"Newcomb Community","Chuska Slope",1,1,0,0,0,705338,4017513,-108.71,36.28
743,"Twin Angels","Central San Juan Basin",1,0,0,0,0,773305,4052620,-107.94,36.58
745,"Lizard House--Cebolleta Mesa","Acoma",0,1,0,0,0,780163,3850345,-107.93,34.75
750,"Skunk Springs","Chuska Slope",1,2,0,0,0,701591,4012703,-108.75,36.24
754,"Crumbled House","Chuska Slope",1,0,0,0,0,699564,4010757,-108.78,36.22
811,"LA 8240","Chuska Slope",1,0,0,0,0,711828,3991287,-108.64,36.04
824,"Salmon","Middle San Juan",1,2,0,0,0,765586,4065874,-108.02,36.70
903,"Kello Blancett","Middle San Juan",1,1,0,0,0,763879,4077000,-108.04,36.80
906,"Morris' Old Fort","Middle San Juan",1,1,0,0,0,748558,4066051,-108.21,36.70
964,"Hinkson Ranch","Cibola",1,1,0,0,0,682727,3852700,-109.00,34.80
971,"Kin Cheops II","Mariana Mesa/Quemado",1,1,0,0,0,735283,3827570,-108.43,34.56
977,"Eagle Crag","Defiance Plateau",1,0,0,0,0,606275,3964325,-109.82,35.81
989,"Kinlichee","Defiance Plateau",1,2,0,0,0,642857,3957960,-109.42,35.75
994,"Cornfields","Defiance Plateau",1,0,0,0,0,621574,3947743,-109.65,35.66
1098,"Tom's Rock","Mariana Mesa/Quemado",1,1,0,0,0,745057,3817900,-108.33,34.47
1099,"Goesling","Hardscrabble/ULC",1,1,0,0,0,683680,3809690,-109.00,34.41
1103,"Hubble Corner","Mariana Mesa/Quemado",1,1,0,0,0,736597,3818100,-108.42,34.47
1239,"Bean Patch","Hardscrabble/ULC",1,0,0,0,0,670510,3835209,-109.14,34.64
1240,"Garcia Ranch","Hardscrabble/ULC",1,1,0,0,0,674487,3824434,-109.09,34.54
1244,"Carter Ranch Pueblo","Silver Creek",0,1,0,0,0,598996,3819199,-109.92,34.51
1256,"Seven Springs","Hardscrabble/ULC",0,1,0,0,0,637459,3849669,-109.49,34.78
1288,"Village of the Great Kivas","Cibola",1,2,0,0,0,709707,3897370,-108.69,35.19
1307,"Fenced Up Horse Canyon","Rio Puerco of the West",1,1,0,0,0,716699,3930057,-108.61,35.49
1314,"Los Gigantes","Cibola",1,1,0,0,0,736737,3887260,-108.40,35.10
1316,"Spier 81","Cibola",1,1,0,0,0,714487,3887930,-108.64,35.11
1365,"Wupatki","Flagstaff",1,1,0,0,0,466195,3930915,-111.37,35.52
1368,"Lukachukai GH","Upper Chinle Drainage",1,0,0,0,0,652757,4034681,-109.29,36.44
1373,"Antelope House","Upper Chinle Drainage",1,0,0,0,0,639851,4002395,-109.44,36.15
1376,"White House","Upper Chinle Drainage",1,0,0,0,0,637717,3999840,-109.47,36.13
1377,"Salina Springs","Black Mesa",1,0,0,0,0,602457,3987510,-109.86,36.02
1394,"Ridge Ruin","Flagstaff",1,0,0,0,0,466788,3896820,-111.36,35.21
1531,"Burnt Corn GH","Black Mesa",1,0,0,0,0,578087,3994960,-110.13,36.09
1618,"Castle Rock Pueblo","San Juan Foothills",0,0,1,0,0,693394,4135134,-108.81,37.34
1935,"Morris 41","Middle San Juan",1,2,0,0,0,750051,4096618,-108.19,36.98
1942,"Cerro Prieto--Quemado","Mariana Mesa/Quemado",1,0,0,0,0,718457,3829700,-108.61,34.58
1946,"Twin Towers","Middle San Juan",0,0,0,0,0,681637,4085968,-108.96,36.90
1967,"Atsee Nitsaa","Rio Puerco of the West",1,1,0,0,0,684727,3918160,-108.96,35.39
1988,"Cox Ranch","Mariana Mesa/Quemado",1,1,0,0,0,702990,3807002,-108.79,34.38
1989,"Largo Gap","Mariana Mesa/Quemado",1,1,0,0,0,720901,3808695,-108.59,34.39
2512,"Tsintaa Yitilii","Defiance Plateau",1,0,0,0,0,610637,3964964,-109.77,35.82
2542,"Plaza Site","West",0,1,0,0,0,556551,3902471,-110.37,35.26
2602,"Dancing Rock GH","Upper Chinle Drainage",1,0,0,0,0,625938,4062202,-109.59,36.69
2790,"Sterling ","Middle San Juan",1,0,0,0,0,755045,4065435,-108.14,36.70
2856,"South Ruin","Cibola",0,1,0,0,0,741576,3880144,-108.35,35.03
2982,"FSOP02 Great Kiva","Cibola",0,1,0,0,0,723705,3865828,-108.55,34.91
2997,"Casa Mosca","Acoma",1,1,0,0,0,780508,3849758,-107.93,34.75
2999,"Dittert Ranch","Acoma",1,0,0,0,0,777477,3839435,-107.97,34.66
3000,"LA 102391","Acoma",0,1,0,0,0,777465,3840703,-107.97,34.67
3001,"LA 11670","Acoma",1,1,0,0,0,780293,3850343,-107.93,34.75
3002,"Las Ventanas","Acoma",1,1,0,0,0,790393,3874766,-107.81,34.97
3004,"5 Acre Ruin","Southeast Utah",1,2,0,0,0,643837,4156903,-109.37,37.54
3005,"Albert Porter","San Juan Foothills",1,1,0,0,0,694215,4151766,-108.80,37.49
3006,"Allentown","Rio Puerco of the West",1,1,0,0,0,669570,3903409,-109.13,35.26
3007,"Andrews","Lobo Mesa/Red Mesa Valley",1,1,0,0,0,771652,3921810,-108.00,35.40
3009,"Ansell Hall","San Juan Foothills",1,1,0,0,0,686737,4167652,-108.88,37.63
3017,"Arch Canyon","Southeast Utah",1,1,0,0,0,617343,4156353,-109.67,37.54
3020,"AZ P:11:124 (ASU)","Silver Creek",0,1,0,0,0,585200,3809300,-110.07,34.42
3021,"AZ P:11:130 (ASU)","Silver Creek",0,1,0,0,0,581000,3807500,-110.11,34.40
3022,"AZ P:11:55 (ASU)","Silver Creek",0,1,0,0,0,565977,3796340,-110.28,34.30
3023,"AZ P:11:57 (ASU)","Silver Creek",0,1,0,0,0,566858,3799360,-110.27,34.33
3024,"AZ P:12:105 (ASU)","Silver Creek",0,1,0,0,0,577836,3815000,-110.15,34.47
3026,"AZ P:12:404 (ASM)","Silver Creek",0,1,0,0,0,576895,3814555,-110.16,34.47
3027,"AZ P:12:76 (ASU)","Silver Creek",0,1,0,0,0,577036,3814100,-110.16,34.46
3028,"AZ P:12:99 (ASU)","Silver Creek",0,1,0,0,0,576186,3814500,-110.17,34.47
3030,"AZ P:16:160 (ASM)","Silver Creek",0,1,0,0,0,579747,3787859,-110.13,34.23
3033,"AZ Q:3:64 (ASM)","Hardscrabble/ULC",0,1,0,0,0,647186,3849200,-109.39,34.77
3035,"Bad Dog Ridge","Defiance Plateau",1,1,0,0,0,635497,3925270,-109.50,35.46
3039,"Bancos Village","Middle San Juan",0,1,0,0,0,816369,4091573,-107.44,36.91
3040,"Bee Burrow","Central San Juan Basin",1,0,0,0,0,768470,3970684,-108.02,35.84
3044,"Bis'saani East","Central San Juan Basin",1,1,0,0,0,789164,3998430,-107.78,36.08
3045,"Bis'saani West","Central San Juan Basin",1,1,0,0,0,789016,3998431,-107.79,36.08
3046,"Black Creek Flat","Chuska Slope",1,0,0,0,0,699137,3956300,-108.79,35.73
3047,"Black Mesa Ruin","Southeast Utah",1,0,0,0,0,626039,4154422,-109.57,37.53
3048,"Blackrock Gaddy","Defiance Plateau",1,0,0,0,0,634857,3917200,-109.51,35.39
3049,"Blue J","Lobo Mesa/Red Mesa Valley",1,0,0,0,0,769045,3925650,-108.03,35.43
3051,"Bluewater Spring","Lobo Mesa/San Juan Basin",1,1,0,0,0,766035,3946679,-108.06,35.62
3052,"Bluff Great House","Southeast Utah",1,1,0,0,0,627928,4127728,-109.55,37.28
3053,"Bluff Bench Great Kiva","Southeast Utah",0,1,0,0,0,627708,4136405,-109.55,37.36
3056,"Carhart Ruin","San Juan Foothills",1,1,0,0,0,670003,4174248,-109.07,37.70
3057,"Carol's Ruin","San Juan Foothills",0,1,0,0,0,683417,4152900,-108.92,37.50
3059,"Casa Abajo","Central San Juan Basin",1,0,0,0,0,746210,3985352,-108.26,35.98
3061,"Casa Cielo","Central San Juan Basin",1,0,0,0,0,746729,3985386,-108.26,35.98
3062,"Casa del Rio","Central San Juan Basin",1,0,0,0,0,762315,3998132,-108.08,36.09
3063,"Casa Escondida","Central San Juan Basin",1,1,0,0,0,758690,3983927,-108.13,35.96
3064,"Casa Estrella","Lobo Mesa/San Juan Basin",1,0,0,0,0,748726,3956706,-108.25,35.72
3065,"Casa Negra","San Juan Foothills",1,1,0,0,0,697737,4141302,-108.76,37.39
3066,"Casa Patricio","Central San Juan Basin",0,1,0,0,0,771643,3981907,-107.98,35.94
3067,"Casa Rinconada","Chaco Canyon",0,1,0,0,0,773842,3994276,-107.96,36.05
3068,"Casamero","Lobo Mesa/Red Mesa Valley",1,1,0,0,0,767495,3924294,-108.05,35.42
3069,"Cerro Pomo","Mariana Mesa/Quemado",1,1,0,0,0,710317,3803250,-108.71,34.35
3070,"Chaco East","Central San Juan Basin",1,0,0,0,0,792606,3987319,-107.75,35.98
3071,"Chacra Mesa Great Kiva","Chaco Canyon",0,1,0,0,0,783798,3989759,-107.85,36.01
3072,"Chambers Great House","Rio Puerco of the West",1,1,0,0,0,640188,3896527,-109.46,35.20
3073,"Chetro Ketl","Chaco Canyon",1,1,0,0,0,774337,3994918,-107.95,36.06
3074,"Chimney Rock","San Juan Foothills",1,1,0,0,0,827880,4122533,-107.30,37.19
3075,"Church Rock","Rio Puerco of the West",1,1,0,0,0,722110,3942383,-108.54,35.60
3076,"Cline Point","Silver Creek",0,1,0,0,0,557950,3797900,-110.37,34.32
3078,"Coalbed Village","Southeast Utah",1,1,0,0,0,655116,4163340,-109.24,37.60
3081,"Coolidge","Rio Puerco of the West",2,3,0,0,0,741024,3930627,-108.34,35.49
3083,"Cothruns","Silver Creek",0,1,0,0,0,573039,3799453,-110.20,34.33
3084,"Cottonwood Falls","Southeast Utah",1,1,0,0,0,624345,4159908,-109.59,37.57
3086,"Coyotes Sing Here","Lobo Mesa/Red Mesa Valley",1,1,0,0,0,766181,3930716,-108.06,35.48
3087,"CS219","Silver Creek",0,1,0,0,0,578953,3787497,-110.14,34.22
3088,"CS689","West",0,1,0,0,0,508270,3829970,-110.91,34.61
3089,"Cuatro Payasos","Central San Juan Basin",1,0,0,0,0,736405,4006419,-108.37,36.17
3090,"Dalton Pass","Lobo Mesa/San Juan Basin",1,1,0,0,0,744858,3955547,-108.29,35.71
3091,"Danson 202","Mariana Mesa/Quemado",1,0,0,0,0,726946,3798468,-108.53,34.30
3093,"Deer Springs","Chuska Slope",1,0,0,0,0,698987,3957570,-108.80,35.74
3096,"Dzil Nda Kai","Central San Juan Basin",1,0,0,0,0,718484,3969352,-108.58,35.84
3097,"Edge of the Cedars","Southeast Utah",1,1,0,0,0,633187,4165966,-109.49,37.63
3098,"El Malpais","Middle San Juan",1,2,0,0,0,697307,4082971,-108.78,36.87
3099,"El Rito","Lobo Mesa/Red Mesa Valley",1,1,0,0,0,800557,3912534,-107.69,35.31
3101,"Escalon A","Central San Juan Basin",2,2,0,0,0,736326,4001633,-108.37,36.13
3102,"Escalon B","Central San Juan Basin",0,0,0,0,0,736326,4001633,-108.37,36.13
3103,"Et Al Site","Southeast Utah",1,1,0,0,0,593040,4140990,-109.94,37.41
3104,"Fajada Gap Great Kiva","Chaco Canyon",0,1,0,0,0,777033,3991275,-107.92,36.02
3106,"Figueredo","Chuska Slope",1,1,0,0,0,701834,3960773,-108.76,35.77
3107,"Fort Defiance--Thunder Ridge","Chuska Slope",1,2,0,0,0,679077,3955000,-109.02,35.72
3109,"Ganado","Defiance Plateau",1,1,0,0,0,628904,3952450,-109.57,35.70
3111,"Garcia Ranch Bench","Hardscrabble/ULC",0,1,0,0,0,673720,3822180,-109.10,34.52
3114,"Goodman Point","San Juan Foothills",1,1,0,0,0,700737,4142802,-108.73,37.41
3116,"Greasewood Flat","Southeast Utah",1,1,0,0,0,654000,4133000,-109.26,37.33
3117,"Greasy Hill","Central San Juan Basin",1,0,0,0,0,776782,3998886,-107.92,36.09
3118,"Great Bend House A","Central San Juan Basin",1,0,0,0,0,726800,4004960,-108.47,36.16
3119,"Great Bend House B","Central San Juan Basin",1,0,0,0,0,726858,4004978,-108.47,36.16
3120,"Great Bend West","Central San Juan Basin",1,0,0,0,0,721236,4006790,-108.54,36.18
3123,"Greenlee","Central San Juan Basin",1,0,0,0,0,777548,3982884,-107.92,35.95
3124,"Grey Hill Spring","Central San Juan Basin",1,0,0,0,0,723714,3989388,-108.51,36.02
3125,"Grey Ridge","Chuska Slope",1,0,0,0,0,711357,3961800,-108.66,35.77
3126,"Guadalupe","Puerco River East",1,1,0,0,0,851300,3937415,-107.12,35.52
3127,"H Spear","Cibola",1,1,0,0,0,683750,3850341,-108.99,34.78
3128,"Halfway House","Central San Juan Basin",1,0,0,0,0,774460,4031383,-107.94,36.39
3129,"Hammond Canyon","Southeast Utah",1,0,0,0,0,614595,4174521,-109.70,37.71
3130,"Hampton","San Juan Foothills",0,1,0,0,0,677380,4163128,-108.99,37.59
3131,"Hartman Draw","San Juan Foothills",1,1,0,0,0,713874,4144403,-108.58,37.42
3133,"Haynie Ruin","San Juan Foothills",1,1,0,0,0,720956,4139877,-108.50,37.38
3134,"Haystack","Lobo Mesa/Red Mesa Valley",1,1,0,0,0,783132,3915618,-107.88,35.34
3135,"Hedley Ruin","San Juan Foothills",2,1,1,0,0,670387,4165703,-109.06,37.62
3136,"Hogback","Middle San Juan",1,2,0,0,0,720541,4059341,-108.53,36.65
3138,"Houck","Rio Puerco of the West",1,0,0,0,0,662337,3905260,-109.21,35.27
3139,"Hough's Great Kiva","Silver Creek",0,1,0,0,0,576218,3789840,-110.17,34.24
3140,"House Creek","San Juan Foothills",0,1,0,0,0,718281,4155806,-108.53,37.52
3141,"House of the Giant Midden","Central San Juan Basin",0,0,0,0,0,738048,3999158,-108.35,36.10
3144,"Hurley Site","Lobo Mesa/San Juan Basin",1,1,0,0,0,754037,3954780,-108.19,35.70
3145,"Ida Jean","San Juan Foothills",1,1,0,0,0,720072,4139889,-108.51,37.38
3146,"Iyanbito Great Kiva","Rio Puerco of the West",0,1,0,0,0,731750,3931600,-108.44,35.50
3147,"Kearn's Site","San Juan Foothills",0,1,0,0,0,681152,4149571,-108.95,37.47
3149,"Kin Bineola","Central San Juan Basin",1,2,0,0,0,757709,3988096,-108.14,36.00
3150,"Kin Cheops I","Mariana Mesa/Quemado",1,1,0,0,0,735745,3827343,-108.43,34.56
3152,"Kin Hochoi","Rio Puerco of the West",1,2,0,0,0,682796,3921328,-108.98,35.42
3153,"Kin Indian Ruin","Central San Juan Basin",1,0,0,0,0,774564,4001204,-107.95,36.11
3154,"Kin Kletso","Chaco Canyon",1,0,0,0,0,772905,3995422,-107.97,36.06
3155,"Kin Klizhin","Central San Juan Basin",1,0,0,0,0,763743,3991110,-108.07,36.03
3156,"Kin Nahasbas","Chaco Canyon",1,1,0,0,0,778096,3992381,-107.91,36.03
3157,"Kin Sani","Lobo Mesa/Red Mesa Valley",1,4,0,0,0,765935,3932774,-108.06,35.50
3158,"Kin Tliish","Lobo Mesa/Red Mesa Valley",1,4,0,0,0,780937,3916805,-107.90,35.35
3160,"Kin Ya'a","Lobo Mesa/San Juan Basin",1,1,0,0,0,761222,3951855,-108.11,35.67
3164,"LA 100280","Rio Puerco of the West",0,1,0,0,0,729887,3931930,-108.46,35.50
3165,"LA 115436","Cibola",0,1,0,0,0,703127,3867310,-108.77,34.92
3166,"LA 12573 A","Lobo Mesa/Red Mesa Valley",1,1,0,0,0,782318,3915356,-107.89,35.34
3167,"LA 126820","Central San Juan Basin",0,1,0,0,0,775508,3981124,-107.94,35.93
3168,"LA 126862","Central San Juan Basin",0,1,0,0,0,775306,3977985,-107.95,35.90
3169,"LA 17226","Lobo Mesa/San Juan Basin",1,1,0,0,0,754403,3955235,-108.18,35.71
3171,"LA 2520","Middle San Juan",1,0,0,0,0,739473,4083148,-108.31,36.86
3183,"LA 47526","Rio Puerco of the West",0,1,0,0,0,682737,3915500,-108.98,35.36
3188,"LA 60002","Middle San Juan",0,2,0,0,0,766895,4080672,-108.00,36.83
3189,"LA 60006","Middle San Juan",0,1,0,0,0,767119,4080877,-108.00,36.83
3191,"LA 60022","Middle San Juan",0,3,0,0,0,767807,4081539,-107.99,36.84
3194,"LA 67158","Lobo Mesa/Red Mesa Valley",0,1,0,0,0,767577,3924370,-108.05,35.42
3199,"LA 7603","Chuska Slope",0,1,0,0,0,698839,4030874,-108.78,36.40
3200,"LA 8244","Chuska Slope",0,1,0,0,0,684854,4052621,-108.93,36.60
3201,"LA 82742","Cibola",0,1,0,0,0,714497,3887960,-108.64,35.11
3202,"LA 8620","Middle San Juan",1,0,0,0,0,732425,4067738,-108.39,36.72
3203,"LA 98500","Middle San Juan",0,1,0,0,0,769665,4097122,-107.97,36.98
3204,"Lake Valley","Central San Juan Basin",1,0,0,0,0,754762,3999716,-108.17,36.11
3207,"Lancaster","San Juan Foothills",1,1,0,0,0,689200,4163620,-108.85,37.60
3208,"Loma Enebro","Middle San Juan",0,1,0,0,0,772467,4096847,-107.93,36.98
3209,"Longacre 15","Hardscrabble/ULC",0,1,0,0,0,652621,3815165,-109.33,34.46
3210,"Los Veteados Great Kiva","Acoma",0,1,0,0,0,778179,3839778,-107.96,34.66
3211,"Lower Cow Canyon","San Juan Foothills",0,1,0,0,0,681004,4158918,-108.95,37.56
3212,"Lower Greenlee","Central San Juan Basin",1,0,0,0,0,777926,3982731,-107.91,35.95
3213,"Lower Kin Nizhoni","Lobo Mesa/Red Mesa Valley",1,0,0,0,0,792664,3918753,-107.77,35.37
3214,"Lowry","San Juan Foothills",1,1,0,0,0,683644,4161767,-108.92,37.58
3215,"LZ 1090 Group","Cibola",0,2,0,0,0,683650,3849800,-108.99,34.77
3217,"Mancos Canyon","San Juan Foothills",0,1,0,0,0,702657,4157924,-108.70,37.54
3218,"Martin Site 1","San Juan Foothills",0,1,0,0,0,688937,4166202,-108.85,37.62
3219,"May Canyon","San Juan Foothills",0,1,0,0,0,718220,4153811,-108.53,37.50
3221,"McCreery","Rio Puerco of the West",1,1,0,0,0,610559,3875051,-109.78,35.01
3222,"McPhee Pueblo","San Juan Foothills",0,0,0,0,0,716441,4154952,-108.55,37.51
3224,"Mesa Tierra","Central San Juan Basin",1,0,0,0,0,762226,3996341,-108.08,36.07
3225,"Millard","San Juan Foothills",0,1,0,0,0,704667,4139392,-108.68,37.38
3226,"Mineral Creek","Hardscrabble/ULC",0,1,0,0,0,624447,3804298,-109.64,34.37
3227,"Mitchell Springs","San Juan Foothills",2,2,1,0,0,713107,4133642,-108.59,37.32
3228,"Mitten Rock","Chuska Slope",1,1,0,0,0,685007,4052731,-108.93,36.60
3232,"Montezuma Village North","Southeast Utah",0,1,0,0,0,652637,4174303,-109.26,37.70
3233,"Montezuma Village South","Southeast Utah",1,0,0,0,0,652967,4173703,-109.26,37.69
3234,"Morefield","San Juan Foothills",1,2,0,0,0,729438,4124647,-108.41,37.24
3240,"Muddy Water","Lobo Mesa/San Juan Basin",1,1,0,0,0,754411,3955359,-108.18,35.71
3241,"NA 8800","Black Mesa",0,1,0,0,0,582737,4043979,-110.07,36.53
3248,"Navajo Springs","Rio Puerco of the West",1,1,0,0,0,638716,3890700,-109.47,35.15
3249,"Navajo Territorial Gov't Complex","Rio Puerco of the West",0,1,0,0,0,637050,3885100,-109.49,35.10
3251,"North Lowry","San Juan Foothills",1,1,0,0,0,683857,4161902,-108.91,37.58
3252,"Oak Wash--Zuni","Cibola",1,0,0,0,0,697837,3885500,-108.83,35.09
3253,"Owen Site","Southeast Utah",1,1,0,0,0,593650,4155402,-109.94,37.54
3254,"Padilla Well","Central San Juan Basin",1,1,0,0,0,767776,3994352,-108.02,36.05
3255,"Parker Site","Southeast Utah",1,0,0,0,0,636847,4154778,-109.45,37.53
3256,"Peach Springs","Central San Juan Basin",1,1,0,0,0,723048,3964082,-108.53,35.79
3257,"Penasco Blanco","Central San Juan Basin",1,1,0,0,0,769845,3997176,-108.00,36.08
3258,"Pierre's El Faro","Central San Juan Basin",1,0,0,0,0,774248,4015349,-107.94,36.24
3259,"Pierre's House A","Central San Juan Basin",1,0,0,0,0,774379,4015124,-107.94,36.24
3260,"Pierre's House B/C","Central San Juan Basin",1,0,0,0,0,774389,4015176,-107.94,36.24
3261,"Point Pueblo","Middle San Juan",1,0,0,0,0,752575,4066420,-108.17,36.71
3262,"Pueblo Alto","Chaco Canyon",1,0,0,0,0,773975,3995998,-107.95,36.07
3263,"Pueblo Bonito","Chaco Canyon",1,3,0,0,0,773657,3994943,-107.96,36.06
3264,"Pueblo Cerrito","Acoma",1,0,0,0,0,780279,3850118,-107.93,34.75
3265,"Pueblo de los Golondrinas","San Juan Foothills",0,0,0,0,0,716597,4155212,-108.54,37.52
3266,"Pueblo del Arroyo","Chaco Canyon",1,0,0,0,1,773303,3994972,-107.96,36.06
3267,"Ram Mesa","Rio Puerco of the West",1,1,0,0,0,722837,3944700,-108.54,35.62
3270,"Red Knobs","Southeast Utah",1,1,0,0,0,620117,4168453,-109.63,37.65
3272,"Red Pottery Mound","San Juan Foothills",1,1,0,0,0,698147,4160332,-108.75,37.57
3273,"Red Willow","Chuska Slope",1,1,0,1,0,708390,3967384,-108.69,35.83
3275,"Reservoir--Northern San Juan","San Juan Foothills",1,1,1,0,0,717968,4149732,-108.53,37.47
3280,"Sambrito Village","Middle San Juan",0,1,0,0,0,816479,4097186,-107.44,36.96
3281,"San Mateo","Lobo Mesa/Red Mesa Valley",1,2,0,0,0,804486,3916425,-107.65,35.34
3283,"Sanders GH","Rio Puerco of the West",1,1,0,0,0,651387,3895780,-109.33,35.19
3284,"Sanostee","Central San Juan Basin",1,2,0,0,0,717450,4038444,-108.57,36.46
3286,"Singing Shelter","San Juan Foothills",0,1,0,0,0,718438,4156071,-108.52,37.52
3287,"Skull Site","Acoma",1,1,0,0,0,780087,3850111,-107.94,34.75
3289,"Springstead","Rio Puerco of the West",0,1,0,0,0,721997,3940860,-108.55,35.58
3290,"Squaw Springs","Middle San Juan",1,2,0,0,0,732669,4084876,-108.38,36.88
3291,"Standing Rock","Central San Juan Basin",1,1,0,0,0,734772,3968182,-108.40,35.83
3292,"Sundown","Rio Puerco of the West",0,1,0,0,0,579373,3866399,-110.13,34.93
3294,"Teec Nos Pos","Middle San Juan",1,1,0,0,0,668497,4088502,-109.10,36.92
3296,"The Twins Northeast","Chuska Slope",1,1,0,0,0,709457,3959589,-108.68,35.75
3301,"Tla Kii","Silver Creek",0,1,0,0,0,584397,3777199,-110.08,34.13
3302,"Tocito North","Chuska Slope",1,0,0,0,0,698554,4031882,-108.78,36.41
3303,"Tocito South","Chuska Slope",1,0,0,0,0,698554,4031882,-108.78,36.41
3304,"Toh La Kai","Chuska Slope",1,1,0,0,0,703611,3947909,-108.75,35.65
3305,"Toyee","Defiance Plateau",1,1,0,0,0,603717,3956920,-109.85,35.75
3306,"Tse Bee Kintsoh","Lobo Mesa/Red Mesa Valley",1,4,0,0,0,758301,3922670,-108.15,35.41
3308,"Tse La Vie","Lobo Mesa/San Juan Basin",1,0,0,0,0,798925,3934158,-107.70,35.50
3309,"Tse Lichii","Central San Juan Basin",1,0,0,0,0,788069,3984164,-107.80,35.96
3310,"Tseyatoh","Rio Puerco of the West",1,1,0,0,0,687723,3932071,-108.93,35.51
3311,"Tsin Kletzin","Chaco Canyon",1,0,0,0,0,774103,3992272,-107.95,36.03
3313,"Twin Lakes","Chuska Slope",1,1,0,0,0,700509,3955598,-108.78,35.72
3315,"Una Vida","Chaco Canyon",1,2,0,0,0,778246,3992102,-107.91,36.03
3316,"Upper Kin Klizhin","Central San Juan Basin",1,0,0,0,0,771898,3983217,-107.98,35.95
3317,"Upper Kin Nizhoni","Lobo Mesa/Red Mesa Valley",1,1,0,0,0,792214,3918715,-107.78,35.37
3319,"Vidal Canyon","Rio Puerco of the West",0,1,0,0,0,707488,3936822,-108.71,35.55
3320,"Wallace Ruin","San Juan Foothills",1,0,0,0,0,721562,4139552,-108.49,37.37
3321,"Wancura-Johnson GK","San Juan Foothills",0,1,0,0,0,684131,4180283,-108.91,37.75
3326,"Whirlwind House","Central San Juan Basin",1,1,0,0,0,726516,3992123,-108.48,36.04
3327,"Whitewater","Rio Puerco of the West",0,1,0,0,0,669640,3903300,-109.13,35.26
3329,"Willow Canyon--San Juan Basin","Central San Juan Basin",0,0,0,0,0,732330,4002859,-108.41,36.14
3330,"Wolye Adin","Rio Puerco of the West",1,0,0,0,0,682997,3920530,-108.98,35.41
3332,"Yellow Jacket","San Juan Foothills",1,1,0,1,0,702703,4154395,-108.70,37.51
3333,"Yucca House","San Juan Foothills",1,2,0,1,0,705180,4125177,-108.68,37.25
3334,"Escalante GH","San Juan Foothills",1,0,0,0,0,717017,4150696,-108.54,37.47
3336,"LA 40082","Central San Juan Basin",1,0,0,0,0,775547,3981055,-107.94,35.93
3344,"Gravel Pit Ruin","Southeast Utah",0,1,0,0,0,637900,4141575,-109.44,37.41
3345,"NA 8044","Rio Puerco of the West",0,0,0,0,0,,,,
3347,"LA 103458","Chuska Slope",0,1,0,0,0,701497,3963000,-108.77,35.79
3349,"LA 89443","Central San Juan Basin",0,1,0,0,0,736326,4001633,-108.37,36.13
3350,"AZ-P-52-8-NN","Rio Puerco of the West",1,0,0,0,0,634760,3889090,-109.52,35.13
3351,"Cerritos de Jaspe GK","Acoma",0,1,0,0,0,773267,3870400,-108.00,34.94
3353,"Andrews Great Kiva NM","Lobo Mesa/Red Mesa Valley",0,1,0,0,0,772070,3921210,-108.00,35.39
3355,"HST Great Kiva","Southeast Utah",0,1,0,0,0,592550,4143384,-109.95,37.43
3356,"Sand Canyon Pueblo","San Juan Foothills",0,1,1,0,0,696900,4141280,-108.77,37.39
3358,"Woods Canyon Pueblo","San Juan Foothills",0,0,1,0,0,693370,4149800,-108.81,37.47
3359,"Seven Towers","San Juan Foothills",0,1,2,0,0,683550,4145950,-108.92,37.44
3360,"Bass Complex","San Juan Foothills",1,0,0,0,0,692085,4150790,-108.82,37.48
3361,"Rich's Ruin","San Juan Foothills",0,1,0,0,0,692370,4147740,-108.82,37.45
3363,"Kin Bineola Great Kiva 2","Central San Juan Basin",0,1,0,0,0,758258,3984400,-108.13,35.97
3366,"Haystack Great Kiva 2","Lobo Mesa/Red Mesa Valley",0,1,0,0,0,782318,3915356,-107.89,35.34
3367,"NA 8013","Defiance Plateau",0,1,0,0,0,642857,3957960,-109.42,35.75
3368,"NA 8014","Defiance Plateau",0,1,0,0,0,642857,3957960,-109.42,35.75
3369,"Prater Village","San Juan Foothills",1,2,0,0,0,728128,4124424,-108.42,37.24
3370,"Whites Canyon Pueblo","San Juan Foothills",0,1,0,0,0,733044,4124339,-108.37,37.23
3371,"34-plex Complex","San Juan Foothills",0,1,0,0,0,723220,4127544,-108.48,37.26
3387,"Upper Battleship Rock Pueblo","San Juan Foothills",1,0,0,0,0,723625,4124789,-108.47,37.24
3396,"Farmer Complex","Middle San Juan",1,0,0,0,0,768292,4082353,-107.99,36.85
3399,"Aztec North","Middle San Juan",1,2,0,0,0,767472,4081316,-108.00,36.84
3401,"Gillentine Site","Middle San Juan",0,2,0,0,0,764789,4076817,-108.03,36.80
3403,"San Juan Biwall","Middle San Juan",0,1,0,1,0,688537,4084801,-108.88,36.89
3404,"Canal Creek Great Kiva","Middle San Juan",0,1,0,0,0,689737,4085601,-108.87,36.89
3419,"Battleship Rock Pueblo","San Juan Foothills",0,1,0,0,0,,,,
3420,"Shields Pueblo","San Juan Foothills",1,0,0,0,0,700734,4143238,-108.73,37.41
3428,"Bowman Site East","Chuska Slope",1,0,0,0,0,699257,3952400,-108.79,35.69
3429,"Dye Wash","Chuska Slope",1,0,0,0,0,710887,3960549,-108.66,35.76
